---
:codelist:
  AU-CT: AustralianCapitalTerritory
  AU-NS: NewSouthWales
  AU-NT: NorthernTerritory
  AU-QL: Queensland
  AU-SA: SouthAustralia
  AU-TS: Tasmania
  AU-VI: Victoria
  AU-WA: WesternAustralia
  CA-AB: Alberta
  CA-BC: BritishColumbia
  CA-MB: Manitoba
  CA-NB: NewBrunswick
  CA-NL: NewfoundlandAndLabrador
  CA-NS: NovaScotia
  CA-NT: NorthwestTerritories
  CA-NU: Nunavut
  CA-ON: Ontario
  CA-PE: PrinceEdwardIsland
  CA-QC: Quebec
  CA-SK: Saskatchewan
  CA-YT: YukonTerritory
  ES-CN: CanaryIslands
  GB-AIR: UkAirside
  GB-APS: UkAirports
  GB-CHA: ChannelIslands
  GB-ENG: England
  GB-EWS: EnglandWalesScotland
  GB-IOM: IsleOfMan
  GB-NIR: NorthernIreland
  GB-SCT: Scotland
  GB-WLS: Wales
  IE-AIR: IrelandAirside
  IT-AG: Agrigento
  IT-AL: Alessandria
  IT-AN: Ancona
  IT-AO: Aosta
  IT-AR: Arezzo
  IT-AP: AscoliPiceno
  IT-AT: Asti
  IT-AV: Avellino
  IT-BA: Bari
  IT-BT: Barlettaandriatrani
  IT-BL: Belluno
  IT-BN: Benevento
  IT-BG: Bergamo
  IT-BI: Biella
  IT-BO: Bologna
  IT-BZ: Bolzano
  IT-BS: Brescia
  IT-BR: Brindisi
  IT-CA: Cagliari
  IT-CL: Caltanissetta
  IT-CB: Campobasso
  IT-CI: Carboniaiglesias
  IT-CE: Caserta
  IT-CT: Catania
  IT-CZ: Catanzaro
  IT-CH: Chieti
  IT-CO: Como
  IT-CS: Cosenza
  IT-CR: Cremona
  IT-KR: Crotone
  IT-CN: Cuneo
  IT-EN: Enna
  IT-FM: Fermo
  IT-FE: Ferrara
  IT-FI: Firenze
  IT-FG: Foggia
  IT-FC: Forlìcesena
  IT-FR: Frosinone
  IT-GE: Genova
  IT-GO: Gorizia
  IT-GR: Grosseto
  IT-IM: Imperia
  IT-IS: Isernia
  IT-SP: LaSpezia
  IT-AQ: Laquila
  IT-LT: Latina
  IT-LE: Lecce
  IT-LC: Lecco
  IT-LI: Livorno
  IT-LO: Lodi
  IT-LU: Lucca
  IT-MC: Macerata
  IT-MN: Mantova
  IT-MS: Massacarrara
  IT-MT: Matera
  IT-VS: MedioCampidano
  IT-ME: Messina
  IT-MI: Milano
  IT-MO: Modena
  IT-MB: MonzaEBrianza
  IT-NA: Napoli
  IT-NO: Novara
  IT-NU: Nuoro
  IT-OG: Ogliastra
  IT-OT: Olbiatempio
  IT-OR: Oristano
  IT-PD: Padova
  IT-PA: Palermo
  IT-PR: Parma
  IT-PV: Pavia
  IT-PG: Perugia
  IT-PU: PesaroEUrbino
  IT-PE: Pescara
  IT-PC: Piacenza
  IT-PI: Pisa
  IT-PT: Pistoia
  IT-PN: Pordenone
  IT-PZ: Potenza
  IT-PO: Prato
  IT-RG: Ragusa
  IT-RA: Ravenna
  IT-RC: ReggioCalabria
  IT-RE: ReggioEmilia
  IT-RI: Rieti
  IT-RN: Rimini
  IT-RM: Roma
  IT-RO: Rovigo
  IT-SA: Salerno
  IT-SS: Sassari
  IT-SV: Savona
  IT-SI: Siena
  IT-SR: Siracusa
  IT-SO: Sondrio
  IT-TA: Taranto
  IT-TE: Teramo
  IT-TR: Terni
  IT-TO: Torino
  IT-TP: Trapani
  IT-TN: Trento
  IT-TV: Treviso
  IT-TS: Trieste
  IT-UD: Udine
  IT-VA: Varese
  IT-VE: Venezia
  IT-VB: Verbanocusioossola
  IT-VC: Vercelli
  IT-VR: Verona
  IT-VV: ViboValentia
  IT-VI: Vicenza
  IT-VT: Viterbo
  RU-AD: RepublicOfAdygeya
  RU-AL: RepublicOfAltay
  RU-BA: RepublicOfBashkortostan
  RU-BU: RepublicOfBuryatiya
  RU-CE: ChechenskayaRepublic
  RU-CU: ChuvashskayaRepublic
  RU-DA: RepublicOfDagestan
  RU-IN: RepublicOfIngushetiya
  RU-KB: KabardinobalkarskayaRepublic
  RU-KL: RepublicOfKalmykiya
  RU-KC: KarachayevocherkesskayaRepublic
  RU-KR: RepublicOfKareliya
  RU-KK: RepublicOfKhakasiya
  RU-KO: RepublicOfKomi
  RU-ME: RepublicOfMariyEl
  RU-MO: RepublicOfMordoviya
  RU-SA: RepublicOfSakhaYakutiya
  RU-SE: RepublicOfSevernayaOsetiyaalaniya
  RU-TA: RepublicOfTatarstan
  RU-TY: RepublicOfTyvaTuva
  RU-UD: UdmurtskayaRepublic
  RU-ALT: AltayskiyAdministrativeTerritory
  RU-KAM: KamchatskiyAdministrativeTerritory
  RU-KHA: KhabarovskiyAdministrativeTerritory
  RU-KDA: KrasnodarskiyAdministrativeTerritory
  RU-KYA: KrasnoyarskiyAdministrativeTerritory
  RU-PER: PermskiyAdministrativeTerritory
  RU-PRI: PrimorskiyAdministrativeTerritory
  RU-STA: StavropolskiyAdministrativeTerritory
  RU-ZAB: ZabaykalskiyAdministrativeTerritory
  RU-AMU: AmurskayaAdministrativeRegion
  RU-ARK: ArkhangelskayaAdministrativeRegion
  RU-AST: AstrakhanskayaAdministrativeRegion
  RU-BEL: BelgorodskayaAdministrativeRegion
  RU-BRY: BryanskayaAdministrativeRegion
  RU-CHE: ChelyabinskayaAdministrativeRegion
  RU-IRK: IrkutskayaAdministrativeRegion
  RU-IVA: IvanovskayaAdministrativeRegion
  RU-KGD: KaliningradskayaAdministrativeRegion
  RU-KLU: KaluzhskayaAdministrativeRegion
  RU-KEM: KemerovskayaAdministrativeRegion
  RU-KIR: KirovskayaAdministrativeRegion
  RU-KOS: KostromskayaAdministrativeRegion
  RU-KGN: KurganskayaAdministrativeRegion
  RU-KRS: KurskayaAdministrativeRegion
  RU-LEN: LeningradskayaAdministrativeRegion
  RU-LIP: LipetskayaAdministrativeRegion
  RU-MAG: MagadanskayaAdministrativeRegion
  RU-MOS: MoskovskayaAdministrativeRegion
  RU-MUR: MurmanskayaAdministrativeRegion
  RU-NIZ: NizhegorodskayaAdministrativeRegion
  RU-NGR: NovgorodskayaAdministrativeRegion
  RU-NVS: NovosibirskayaAdministrativeRegion
  RU-OMS: OmskayaAdministrativeRegion
  RU-ORE: OrenburgskayaAdministrativeRegion
  RU-ORL: OrlovskayaAdministrativeRegion
  RU-PNZ: PenzenskayaAdministrativeRegion
  RU-PSK: PskovskayaAdministrativeRegion
  RU-ROS: RostovskayaAdministrativeRegion
  RU-RYA: RyazanskayaAdministrativeRegion
  RU-SAK: SakhalinskayaAdministrativeRegion
  RU-SAM: SamarskayaAdministrativeRegion
  RU-SAR: SaratovskayaAdministrativeRegion
  RU-SMO: SmolenskayaAdministrativeRegion
  RU-SVE: SverdlovskayaAdministrativeRegion
  RU-TAM: TambovskayaAdministrativeRegion
  RU-TOM: TomskayaAdministrativeRegion
  RU-TUL: TulskayaAdministrativeRegion
  RU-TVE: TverskayaAdministrativeRegion
  RU-TYU: TyumenskayaAdministrativeRegion
  RU-ULY: UlyanovskayaAdministrativeRegion
  RU-VLA: VladimirskayaAdministrativeRegion
  RU-VGG: VolgogradskayaAdministrativeRegion
  RU-VLG: VologodskayaAdministrativeRegion
  RU-VOR: VoronezhskayaAdministrativeRegion
  RU-YAR: YaroslavskayaAdministrativeRegion
  RU-MOW: MoskvaCity
  RU-SPE: SanktpeterburgCity
  RU-YEV: YevreyskayaAutonomousAdministrativeRegion
  RU-CHU: ChukotskiyAutonomousDistrict
  RU-KHM: KhantymansiyskiyAutonomousDistrict
  RU-NEN: NenetskiyAutonomousDistrict
  RU-YAN: YamalonenetskiyAutonomousDistrict
  US-AK: Alaska
  US-AL: Alabama
  US-AR: Arkansas
  US-AZ: Arizona
  US-CA: California
  US-CO: Colorado
  US-CT: Connecticut
  US-DC: DistrictOfColumbia
  US-DE: Delaware
  US-FL: Florida
  US-GA: Georgia
  US-HI: Hawaii
  US-IA: Iowa
  US-ID: Idaho
  US-IL: Illinois
  US-IN: Indiana
  US-KS: Kansas
  US-KY: Kentucky
  US-LA: Louisiana
  US-MA: Massachusetts
  US-MD: Maryland
  US-ME: Maine
  US-MI: Michigan
  US-MN: Minnesota
  US-MO: Missouri
  US-MS: Mississippi
  US-MT: Montana
  US-NC: NorthCarolina
  US-ND: NorthDakota
  US-NE: Nebraska
  US-NH: NewHampshire
  US-NJ: NewJersey
  US-NM: NewMexico
  US-NV: Nevada
  US-NY: NewYork
  US-OH: Ohio
  US-OK: Oklahoma
  US-OR: Oregon
  US-PA: Pennsylvania
  US-RI: RhodeIsland
  US-SC: SouthCarolina
  US-SD: SouthDakota
  US-TN: Tennessee
  US-TX: Texas
  US-UT: Utah
  US-VA: Virginia
  US-VT: Vermont
  US-WA: Washington
  US-WI: Wisconsin
  US-WV: WestVirginia
  US-WY: Wyoming
  ECZ: Eurozone
  ROW: RestOfWorld
  WORLD: World
